{
  "node": {
    "id": "{{ .nodeID }}",
    "cluster": "{{ .cluster }}",
    "locality": {
      {{ if .region }}
      "region": "{{ .region }}",
      {{ end }}
      {{ if .zone }}
      "zone": "{{ .zone }}",
      {{ end }}
      {{ if .sub_zone }}
      "sub_zone": "{{ .sub_zone }}",
      {{ end }}
    },
    "metadata": {{ .meta_json_str }}
  },
  "dynamic_resources": {
    "lds_config": {
      "ads": {}
    },
    "cds_config": {
      "ads": {}
    },
    "ads_config": {
      "api_type": "GRPC",
      "grpc_services": [
        {
          "google_grpc": {
            "target_uri": "{{ .discovery_address }}",
            "stat_prefix": "googlegrpcxds",
            "channel_credentials": {
              "ssl_credentials": {
                "root_certs": {
                  "filename": "/etc/ssl/certs/ca-certificates.crt"
                }
              }
            },
            "call_credentials": {
              "google_compute_engine": {}
            }
          }
        }
      ]
    }
  },
  "cluster_manager": {
    "load_stats_config": {
      "api_type": "GRPC",
      "grpc_services": [
        {
          "google_grpc": {
            "target_uri": "{{ .discovery_address }}",
            "stat_prefix": "googlegrpcxds",
            "channel_credentials": {
              "ssl_credentials": {
                "root_certs": {
                  "filename": "/etc/ssl/certs/ca-certificates.crt"
                }
              }
            },
            "call_credentials": {
              "google_compute_engine": {}
            }
          }
        }
      ]
    }
  },
  "admin": {
    "access_log_path": "/dev/null",
    "address": {
      "socket_address": {
        "address": "127.0.0.1",
        "port_value": {{ .config.ProxyAdminPort }}
      }
    }
  }
  {{ if .stackdriver }}
  ,
  "tracing": {
    "http": {
      "name": "envoy.tracers.opencensus",
      "config": {
      "stackdriver_exporter_enabled": true,
      "stackdriver_project_id": "{{ .stackdriverProjectID }}",
      "stdout_exporter_enabled": {{ .stackdriverDebug }},
      "incoming_trace_context": ["CLOUD_TRACE_CONTEXT", "TRACE_CONTEXT", "GRPC_TRACE_BIN", "B3"],
      "outgoing_trace_context": ["CLOUD_TRACE_CONTEXT", "TRACE_CONTEXT", "GRPC_TRACE_BIN", "B3"],
      "trace_config":{
        "constant_sampler":{
          "decision": "ALWAYS_PARENT"
        },
        "max_number_of_annotations": {{ .stackdriverMaxAnnotations }},
        "max_number_of_attributes": {{ .stackdriverMaxAttributes }},
        "max_number_of_message_events": {{ .stackdriverMaxEvents }},
        "max_number_of_links": 200,
      }
    }
  }}
  {{ end }}
}
